Timestamp,Source,Name,Phone,Email,Location,Appointment DateTime,Condition,URL,TeleCRM
"13/5/2026, 5:32:34 pm",Navbar Booking Modal,testing1,1425367890,testing@gmail.com,2026-05-13T21:32,Aligners / Smile Correction,http://localhost:3000/?name=testing1&phone=3201456987&email=fastestdigitalmarketing8%40gmail.com&treatment=Pigmentation+%2F+Glow+Treatment&appointmentDateTime=2026-05-14T17%3A32,Not configured
"13/5/2026, 5:35:15 pm",Navbar Booking Modal,testing1,1425367890,johnroserajesh@gmail.com,2026-05-13T17:40,Dental Pain / RCT,http://localhost:3000/,Not configured
"13/5/2026, 5:42:27 pm",Hero Form Debug,Hero Test,9876543211,hero@example.com,2026-05-13T17:00,PRP / GFC,http://127.0.0.1:3000,Not configured
"13/5/2026, 5:43:21 pm",Hero Form,Hero UI Equivalent,9876543212,hero-ui@example.com,2026-05-13T18:00,Acne / Skin Treatment,http://127.0.0.1:3000,Not configured
"13/5/2026, 5:45:51 pm",Navbar Booking Modal,rajesh kumar,7412580300,johnroserajesh@gmail.com,2026-05-14T17:45,Pigmentation / Glow Treatment,http://localhost:3000/?name=testing1&phone=7854120369&email=paul%40gmail.com&treatment=Aligners+%2F+Smile+Correction&appointmentDateTime=2026-05-27T17%3A39,Not configured
"13/5/2026, 5:46:48 pm",Hero Form,rajesh kumarfg,1425367800,hari@gmail.com,2026-05-22T17:46,Acne / Skin Treatment,http://localhost:3000/,Not configured
"13/5/2026, 5:51:48 pm",Pop-up Form,fenil,7859641230,testing@gmail.com,2026-05-13T22:51,Aligners / Smile Correction,http://localhost:3000/,Not configured
"20/6/2026, 6:33:02 pm",Hero Form,testing1,7859641230,testing@gmail.com,2026-06-25T18:33,Aligners / Smile Correction,http://localhost:3001/,TeleCRM did not confirm lead creation
"20/6/2026, 6:55:38 pm",Hero Form,testing2,7854120369,paul@gmail.com,2026-06-20T21:58,Pigmentation / Glow Treatment,http://localhost:3001/,TeleCRM did not confirm lead creation
"20/6/2026, 6:57:39 pm",Hero Form,testing1,7859641230,hari@gmail.com,2026-06-25T22:57,Laser Hair Reduction,http://localhost:3001/,TeleCRM did not confirm lead creation
"20/6/2026, 7:13:39 pm",Hero Form,fenil,7888120369,fastestdigitalmarketing8@gmail.com,2026-07-02T00:13,Pigmentation / Glow Treatment,http://localhost:3001/,TeleCRM did not confirm lead creation
"22/6/2026, 10:53:50 am",Hero Form,Crowd Developers,8003773105,crowddevelopers08@gmail.com,2026-06-22T14:53,Aligners / Smile Correction,http://localhost:3000/,TeleCRM did not confirm lead creation
"25/6/2026, 11:55:15 am",Hero Form,testing1,7859641230,testing@gmail.com,2026-06-25T11:55,Hair Transplant,http://localhost:3001/,TeleCRM did not confirm lead creation
"25/6/2026, 12:08:08 pm",Hero Form,testing1,8425367890,paul@gmail.com,2026-06-25T12:08,Dental Pain / RCT,http://localhost:3001/,TeleCRM did not confirm lead creation
"25/6/2026, 12:27:32 pm",Hero Form,testing1,7412780360,paul@gmail.com,2026-06-25T12:27,Dental Pain / RCT,http://localhost:3001/,TeleCRM did not confirm lead creation
"25/6/2026, 12:31:44 pm",Hero Form,testing1,9825367890,paul@gmail.com,2026-06-25T12:31,Acne / Skin Treatment,http://localhost:3001/,TeleCRM did not confirm lead creation
"25/6/2026, 12:36:08 pm",Hero Form,testing2,3201456987,fastestdigitalmarketing8@gmail.com,2026-06-25T12:36,Aligners / Smile Correction,http://localhost:3001/,TeleCRM did not confirm lead creation
"14/7/2026, 1:29:36 pm",hair-treatment-form,Rajesh Kumar,1425367890,,chennai,,Hair Regrowth,http://localhost:3001/hair-treatment,TeleCRM did not confirm lead creation
"14/7/2026, 1:38:04 pm",hair-treatment-form,Rajesh Kumars,7854120369,,chennai,,Hair Regrowth,http://localhost:3001/hair-treatment,TeleCRM did not confirm lead creation
"14/7/2026, 1:44:12 pm",hair-treatment-form,rajesh,7412580360,,chennai,,Hair Regrowth,http://localhost:3001/hair-treatment,TeleCRM did not confirm lead creation
"14/7/2026, 1:50:38 pm",hair-treatment-form,Rajesh Kumar,1425367890,,chennai,,Extreme Baldness,http://localhost:3001/hair-treatment?name=Rajesh+Kumar&phone=7859641234&location=liuygf&concern=Hair+Regrowth,TeleCRM did not confirm lead creation
"14/7/2026, 1:53:12 pm",hair-treatment-form,Rajesh Kumar,1425367891,,chennai,,Hair Loss,http://localhost:3001/hair-treatment,TeleCRM did not confirm lead creation
"14/7/2026, 2:32:41 pm",Hair Treatment Form,Rajesh Kumar,7854120366,,chennai,,Hair Fall,http://localhost:3001/hair-treatment,TeleCRM did not confirm lead creation
"14/7/2026, 2:33:40 pm",Hero Form,Rajesh Kumar,1425367111,rajeshk@growmedico.com,,2026-07-14T14:33,Dental Pain / RCT,http://localhost:3001/,TeleCRM did not confirm lead creation
"22/7/2026, 1:45:57 pm",Hero Form,testingform,7456321089,testingform@gmail.com,,2026-07-22T13:45,Kids Dentistry,http://localhost:3001/,TeleCRM did not confirm lead creation
"22/7/2026, 1:46:50 pm",Hero Form,testingform1,8000037107,testingform1@gmail.com,,2026-07-22T13:46,Aligners / Smile Correction,http://localhost:3001/,TeleCRM did not confirm lead creation
"1/8/2026, 3:40:50 pm",website-leads,Rajesh Kumar,1425367890,rajeshk@growmedico.com,,,Hair Restoration & Growth,df,http://localhost:3001/contact,TeleCRM did not confirm lead creation
"1/8/2026, 3:58:50 pm",website-leads,Rajesh Kumar,8547965471,rajeshk@growmedico.com,,,Hair Restoration & Growth,dfhh,http://localhost:3001/contact,TeleCRM did not confirm lead creation
"1/8/2026, 3:59:44 pm",Hair Treatment Form,Rajesh Kumar,7859641000,,chennai,,Hair Regrowth,,http://localhost:3001/hair-treatment,TeleCRM did not confirm lead creation
"1/8/2026, 4:01:27 pm",Hero Form,Rajesh Kumar,7859641222,rajeshk@growmedico.com,,2026-08-01T16:01,Aligners / Smile Correction,,http://localhost:3001/general,TeleCRM did not confirm lead creation
